{
 "n_files": 6000,
 "major_frac": 0.6385,
 "keys": {
  "C major": 0.11033,
  "G major": 0.08783,
  "F major": 0.07067,
  "C# minor": 0.01917,
  "G# minor": 0.00933,
  "D major": 0.07383,
  "G minor": 0.032,
  "B minor": 0.02717,
  "E minor": 0.06383,
  "A minor": 0.064,
  "F# major": 0.01917,
  "A# major": 0.04533,
  "G# major": 0.024,
  "D# major": 0.03733,
  "A major": 0.06917,
  "D# minor": 0.01483,
  "E major": 0.05983,
  "F minor": 0.02083,
  "C# major": 0.01917,
  "C minor": 0.03617,
  "D minor": 0.04417,
  "B major": 0.02183,
  "A# minor": 0.01317,
  "F# minor": 0.01683
 },
 "tonic": {
  "C": 0.1465,
  "G": 0.11983,
  "F": 0.0915,
  "C#": 0.03833,
  "G#": 0.03333,
  "D": 0.118,
  "B": 0.049,
  "E": 0.12367,
  "A": 0.13317,
  "F#": 0.036,
  "A#": 0.0585,
  "D#": 0.05217
 }
}